{
    "sequential": {
        "time": 56.43136787414551,
        "articles": 25,
        "speedup": 1.0
    },
    "threaded_17": {
        "time": 9.690520763397217,
        "articles": 25,
        "speedup": 5.8233576143086765
    }
}